{
    "faces":[33,0,6,19,7,0,0,0,0,33,0,7,21,8,1,1,1,1,33,0,8,20,9,2,2,2,2,33,0,9,18,6,3,3,3,3,33,1,8,21,10,4,4,4,4,33,1,10,25,11,5,5,5,5,33,1,11,24,12,6,6,6,6,33,1,12,20,8,7,7,7,7,33,2,11,25,13,8,8,8,8,33,2,13,23,14,9,9,9,9,33,2,14,22,15,10,10,10,10,33,2,15,24,11,11,11,11,11,33,3,14,23,16,12,12,12,12,33,3,16,19,6,13,13,13,13,33,3,6,18,17,14,14,14,14,33,3,17,22,14,15,15,15,15,33,4,17,18,9,16,16,16,16,33,4,9,20,12,17,17,17,17,33,4,12,24,15,18,18,18,18,33,4,15,22,17,19,19,19,19,33,5,16,23,13,20,20,20,20,33,5,13,25,10,21,21,21,21,33,5,10,21,7,22,22,22,22,33,5,7,19,16,23,23,23,23],
    "vertices":[-3,-0,-0,0,-0,-3,3,-0,-0,0,0,3,0,-3,-0,0,3,-0,-2.25,0,2.25,-2.25,2.25,-0,-2.25,-0,-2.25,-2.25,-2.25,-0,0,2.25,-2.25,2.25,-0,-2.25,0,-2.25,-2.25,2.25,2.25,-0,2.25,0,2.25,2.25,-2.25,-0,0,2.25,2.25,0,-2.25,2.25,-1.66667,-1.66667,1.66667,-1.66667,1.66667,1.66667,-1.66667,-1.66667,-1.66667,-1.66667,1.66667,-1.66667,1.66667,-1.66667,1.66667,1.66667,1.66667,1.66667,1.66667,-1.66667,-1.66667,1.66667,1.66667,-1.66667],
    "uvs":[],
    "name":"CubeGeometry",
    "metadata":{
        "version":3,
        "faces":24,
        "vertices":26,
        "type":"Geometry",
        "uvs":0,
        "generator":"io_three",
        "normals":24
    },
    "normals":[-0.870388,0.348155,-0.348155,-0.870388,-0.348155,-0.348155,-0.870388,-0.348155,0.348155,-0.870388,0.348155,0.348155,-0.348155,-0.870388,-0.348155,0.348155,-0.870388,-0.348155,0.348155,-0.870388,0.348155,-0.348155,-0.870388,0.348155,0.870388,-0.348155,-0.348155,0.870388,0.348155,-0.348155,0.870388,0.348155,0.348155,0.870388,-0.348155,0.348155,0.348155,0.870388,-0.348155,-0.348155,0.870388,-0.348155,-0.348155,0.870388,0.348155,0.348155,0.870388,0.348155,-0.348155,0.348155,0.870388,-0.348155,-0.348155,0.870388,0.348155,-0.348155,0.870388,0.348155,0.348155,0.870388,0.348155,0.348155,-0.870388,0.348155,-0.348155,-0.870388,-0.348155,-0.348155,-0.870388,-0.348155,0.348155,-0.870388]
}
